{"cameraMode":{"drawMode":0,"name":"Shaded","section":"Shading Mode"},"sceneLighting":true,"audioPlay":false,"sceneViewState":{"m_AlwaysRefresh":false,"showFog":true,"showSkybox":true,"showFlares":true,"showImageEffects":true,"showParticleSystems":true,"showVisualEffectGraphs":true,"m_FxEnabled":true},"in2DMode":false,"pivot":{"x":-29.24529266357422,"y":74.04365539550781,"z":-9.911115646362305},"rotation":{"x":0.046479880809783939,"y":0.013802613131701947,"z":-0.0006412176880985498,"w":0.9988564848899841},"size":84.26776123046875,"orthographic":false}