{"cameraMode":{"drawMode":0,"name":"Shaded","section":"Shading Mode"},"sceneLighting":true,"audioPlay":false,"sceneViewState":{"m_AlwaysRefresh":false,"showFog":true,"showSkybox":true,"showFlares":true,"showImageEffects":true,"showParticleSystems":true,"showVisualEffectGraphs":true,"m_FxEnabled":true},"in2DMode":false,"pivot":{"x":-0.924803614616394,"y":79.20718383789063,"z":12.780938148498536},"rotation":{"x":0.0029986905865371229,"y":-0.029995417222380639,"z":0.00008966216410044581,"w":0.9995469450950623},"size":123.10855865478516,"orthographic":false}