{"cameraMode":{"drawMode":0,"name":"Shaded","section":"Shading Mode"},"sceneLighting":true,"audioPlay":false,"sceneViewState":{"m_AlwaysRefresh":false,"showFog":true,"showSkybox":true,"showFlares":true,"showImageEffects":true,"showParticleSystems":true,"showVisualEffectGraphs":true,"m_FxEnabled":true},"in2DMode":false,"pivot":{"x":-38.99003601074219,"y":38.49407196044922,"z":111.66151428222656},"rotation":{"x":0.14041510224342347,"y":-0.041257455945014957,"z":0.005858888383954763,"w":0.989250123500824},"size":305.61688232421877,"orthographic":false}